{
	"name": "iframeResizer",
	"title": "Iframe Resizer",
	"description": "Responsively keep same and cross domain iFrames sized to their content with support for window/content resizing, multiple and nested iFrames. (Works with IE8+)",
	"keywords": [
		"Cross-Domain",
		"iFrame",
		"Resizing",
		"Resizer",
		"postMessage",
		"content",
		"height",
		"autoheight",
		"auto-height",
		"width",
		"mutationObserver",
		"RWD",
		"responsive"
	],
	"version": "3.5.7",
	"author": {
		"name": "David J. Bradshaw",
		"email": "davidjbradshaw+github@gmail.com"
	},
	"maintainers": [{
		"name": "David J. Bradshaw",
		"email": "davidjbradshaw+github@gmail.com"
	}
	],
	"licenses": [{
		"type": "MIT",
		"url": "https://github.com/jquery/jquery-color/blob/2.1.2/MIT-LICENSE.txt"
	}
	],
	"bugs": "https://github.com/davidjbradshaw/iframe-resizer/issues",
	"homepage": "http://davidjbradshaw.github.io/iframe-resizer/",
	"docs": "https://github.com/davidjbradshaw/iframe-resizer",
	"dependencies": {
	"jquery": ">=1.0"
	}
}
